<?xml version="1.0" encoding="UTF-8"?>
<Configuration status="WARN" monitorInterval="500">
    <!--定义日志储存文件目录-->
    <properties>
        <!--<property name="LOG_HOME">/opt/AntiFraudDetector/antifraud/logs</property>-->
        <property name="LOG_HOME">C:/logss</property>
    </properties>
    <Appenders>
        <!--控制台输出所有日志-->
        <Console name="Console" target="SYSTEM_OUT">
            <ThresholdFilter level="info" onMatch="ACCEPT" onMismatch="DENY"/>
            <PatternLayout pattern="%d{HH:mm:ss.SSS} %-5level %logger{36} - %msg%n" />

        </Console>
        <!--用户日常操作日志输出-->
        <RollingRandomAccessFile name="userActionRecordFile"
                fileName="${LOG_HOME}/userActionRecord/userActionRecord.log"
                filePattern="${LOG_HOME}/userActionRecord/userActionRecord-%d{yyyy-MM-dd}-%i.log.gz">
            <RegexFilter regex=".*USER_RECORD.*" onMatch="ACCEPT" onMismatch="DENY"/>
            <PatternLayout charset="UTF-8" pattern="%date{yyyy-MM-dd HH:mm:ss.SSS} - %msg%n" />
            <Policies>
                <TimeBasedTriggeringPolicy interval="1" modulate="true" />
                <!--<SizeBasedTriggeringPolicy size="10 MB" />-->
            </Policies>
            <DefaultRolloverStrategy max="100" />
        </RollingRandomAccessFile>
        <!--调用接口日志输出-->
        <RollingRandomAccessFile name="userCallBaiduPortFile"
            fileName="${LOG_HOME}/userCallBaiduPort/userCallBaiduPort.log"
            filePattern="${LOG_HOME}/userCallBaiduPort/userCallBaiduPort-%d{yyyy-MM-dd}-%i.log.gz">
            <RegexFilter regex=".*USER_API.*" onMatch="ACCEPT" onMismatch="DENY"/>
            <PatternLayout charset="UTF-8" pattern="%date{yyyy-MM-dd HH:mm:ss.SSS} - %msg%n" />
            <Policies>
                <TimeBasedTriggeringPolicy interval="1" modulate="true" />
                <!--<SizeBasedTriggeringPolicy size="10 MB" />-->
            </Policies>
            <DefaultRolloverStrategy max="100" />
        </RollingRandomAccessFile>
        <!--系统日常日志输出-->
        <RollingRandomAccessFile name="systemLogFile"
              fileName="${LOG_HOME}/systemLog/systemLog.log"
              filePattern="${LOG_HOME}/systemLog/systemLog-%d{yyyy-MM-dd}-%i.log.gz">
            <Filters>
                <ThresholdFilter level="info" onMatch="ACCEPT" onMismatch="DENY" />
            </Filters>
            <PatternLayout charset="UTF-8" pattern="%date{yyyy-MM-dd HH:mm:ss.SSS} %level [%thread][%file:%line] - %msg%n" />
            <Policies>
                <TimeBasedTriggeringPolicy interval="1" modulate="true" />
                <SizeBasedTriggeringPolicy size="10 MB" />
            </Policies>
            <DefaultRolloverStrategy max="100" />
        </RollingRandomAccessFile>
    </Appenders>
    <Loggers>
        <Root level="TRACE">
            <AppenderRef ref="Console" />
            <AppenderRef ref="userActionRecordFile" />
            <AppenderRef ref="userCallBaiduPortFile" />
            <AppenderRef ref="systemLogFile" />
        </Root>
    </Loggers>
</Configuration>