{
"blackLevel":[
	{"A":["Black account","极黑账户"]},
	{"B":["High risk account","高危账户"]},
	{"C":["Pay attention to account","关注账户"]},
	{"D":["Gray account","灰度账户"]},
	{"C&D":["Suspect black account","怀疑黑账户"]},
	{"A&B":["Black account","极黑账户"]},
	{"":["Non black account","非黑色的账户"]}
],
"blackReason":[
	{"C06BT020":["Court Promise Broken","法院失信"]},
	{"C06BT021":["Business Tax Evasion","工商偷税漏税"]},
	{"C06BT022":["Share Blocking","股权冻结 "]},
	{"C06BT023":["Unlicensed Business Operations","无照经营 "]},
	{"C06BT024":["Court Executor","法院执行人"]},
	{"C06BT025":["Administrative Punishment","行政处罚 "]},
	{"C06BT020:C06BT021":["Court Promise Broken,Business Tax Evasion","法院失信,工商偷税漏税"]},
	{"C06BT020:C06BT022":["Court Promise Broken,Share Blocking","法院失信,股权冻结"]},
	{"C06BT020:C06BT023":["Court Promise Broken,Unlicensed Business Operations","法院失信,无照经营"]},
	{"C06BT020:C06BT024":["Court Promise Broken,Court Executor","法院失信,法院执行人"]},
	{"C06BT020:C06BT025":["Court Promise Broken,Administrative Punishment","法院失信,行政处罚"]},
	
	{"C06BT021:C06BT022":["Business Tax Evasion,Share Blocking","工商偷税漏税,股权冻结"]},
	{"C06BT021:C06BT023":["Business Tax Evasion,Unlicensed Business Operations","工商偷税漏税,无照经营"]},
	{"C06BT021:C06BT024":["Business Tax Evasion,Court Executor","工商偷税漏税,法院执行人"]},
	{"C06BT021:C06BT025":["Business Tax Evasion,Administrative Punishment","工商偷税漏税,行政处罚"]},
	
	{"C06BT022:C06BT023":["Share Blocking,Unlicensed Business Operations","股权冻结,无照经营"]},
	{"C06BT022:C06BT024":["Share Blocking,Court Executor","股权冻结,法院执行人"]},
	{"C06BT022:C06BT025":["Share Blocking,Administrative Punishment","股权冻结,行政处罚"]},
	
	{"C06BT023:C06BT024":["Unlicensed Business Operations,Court Executor","无照经营,法院执行人"]},
	{"C06BT023:C06BT025":["Unlicensed Business Operations,Administrative Punishment","无照经营,行政处罚"]},
	
	{"C06BT024:C06BT025":["Court Executor,Administrative Punishment","法院执行人,行政处罚"]},
	
	
	
	
	
	
	{"C06BT020:C06BT021:C06BT022":["Court Promise Broken,Business Tax Evasion,Share Blocking","法院失信,工商偷税漏税,股权冻结"]},
	{"C06BT020:C06BT021:C06BT023":["Court Promise Broken,Business Tax Evasion,Unlicensed Business Operations","法院失信,工商偷税漏税,无照经营"]},
	{"C06BT020:C06BT021:C06BT024":["Court Promise Broken,Business Tax Evasion,Court Executor","法院失信,工商偷税漏税,法院执行人"]},
	{"C06BT020:C06BT021:C06BT025":["Court Promise Broken,Business Tax Evasion,Administrative Punishment","法院失信,工商偷税漏税,行政处罚"]},
	
	{"C06BT020:C06BT022:C06BT023":["Court Promise Broken,Share Blocking,Unlicensed Business Operations","法院失信,股权冻结,无照经营"]},
	{"C06BT020:C06BT022:C06BT024":["Court Promise Broken,Share Blocking,Court Executor","法院失信,股权冻结,法院执行人"]},
	{"C06BT020:C06BT022:C06BT025":["Court Promise Broken,Share Blocking,Administrative Punishment","法院失信,股权冻结,行政处罚"]},
	
	{"C06BT020:C06BT023:C06BT024":["Court Promise Broken,Unlicensed Business Operations,Court Executor","法院失信,无照经营,法院执行人"]},
	{"C06BT020:C06BT023:C06BT025":["Court Promise Broken,Unlicensed Business Operations,Administrative Punishment","法院失信,无照经营,行政处罚"]},
	
	{"C06BT020:C06BT024:C06BT025":["Court Promise Broken,Court Executor,Administrative Punishment","法院失信,法院执行人,行政处罚"]},
	
	{"C06BT021:C06BT022:C06BT023":["Business Tax Evasion,Share Blocking,Unlicensed Business Operations","工商偷税漏税,股权冻结,无照经营"]},
	{"C06BT021:C06BT022:C06BT024":["Business Tax Evasion,Share Blocking,Court Executor","工商偷税漏税,股权冻结,法院执行人"]},
	{"C06BT021:C06BT022:C06BT025":["Business Tax Evasion,Share Blocking,Administrative Punishment","工商偷税漏税,股权冻结,行政处罚"]},
	
	{"C06BT021:C06BT023:C06BT024":["Business Tax Evasion,Unlicensed Business Operations,Court Executor","工商偷税漏税,无照经营,法院执行人,"]},
	{"C06BT021:C06BT023:C06BT025":["Business Tax Evasion,Unlicensed Business Operations,Administrative Punishment","工商偷税漏税,无照经营,行政处罚"]},
	
	{"C06BT021:C06BT024:C06BT025":["Business Tax Evasion,Court Executor,Administrative Punishment","工商偷税漏税,法院执行人,行政处罚"]},
	
	{"C06BT022:C06BT023:C06BT024":["Share Blocking,Unlicensed Business Operations,Court Executor","股权冻结,无照经营,法院执行人"]},
	{"C06BT022:C06BT023:C06BT025":["Share Blocking,Unlicensed Business Operations,Administrative Punishment","股权冻结,无照经营,行政处罚"]},
	{"C06BT022:C06BT024:C06BT025":["Share Blocking,Court Executor,Administrative Punishment","股权冻结,法院执行人,行政处罚"]},
	
	{"C06BT023:C06BT024:C06BT025":["Unlicensed Business Operations,Court Executor,Administrative Punishment","无照经营,法院执行人,行政处罚"]},
	
	{"C06BT020:C06BT021:C06BT022:C06BT023":["Court Promise Broken,Business Tax Evasion,Share Blocking,Unlicensed Business Operations",
											"法院失信,工商偷税漏税,股权冻结,无照经营"]},
	{"C06BT020:C06BT021:C06BT022:C06BT024":["Court Promise Broken,Business Tax Evasion,Share Blocking,Court Executor",
											"法院失信,工商偷税漏税,股权冻结,法院执行人"]},
	{"C06BT020:C06BT021:C06BT022:C06BT025":["Court Promise Broken,Business Tax Evasion,Share Blocking,Administrative Punishment",
											"法院失信,工商偷税漏税,股权冻结,行政处罚"]},
	{"C06BT020:C06BT021:C06BT023:C06BT024":["Court Promise Broken,Business Tax Evasion,Unlicensed Business Operations,Court Executor",
											"法院失信,工商偷税漏税,无照经营,法院执行人"]},
	{"C06BT020:C06BT021:C06BT023:C06BT025":["Court Promise Broken,Business Tax Evasion,Unlicensed Business Operations,Administrative Punishment",
											"法院失信,工商偷税漏税,无照经营,行政处罚"]},
	{"C06BT020:C06BT021:C06BT024:C06BT025":["Court Promise Broken,Business Tax Evasion,Court Executor,Administrative Punishment",
											"法院失信,工商偷税漏税,法院执行人,行政处罚"]},
	
	{"C06BT020:C06BT022:C06BT023:C06BT024":["Court Promise Broken,Share Blocking,Unlicensed Business Operations,Court Executor",
											"法院失信,股权冻结,无照经营,法院执行人"]},
	{"C06BT020:C06BT022:C06BT023:C06BT025":["Court Promise Broken,Share Blocking,Unlicensed Business Operations,Administrative Punishment",
											"法院失信,股权冻结,无照经营,行政处罚"]},
	{"C06BT020:C06BT022:C06BT024:C06BT025":["Court Promise Broken,Share Blocking,Court Executor,Administrative Punishment",
											"法院失信,股权冻结,法院执行人,行政处罚"]},
	
	{"C06BT020:C06BT023:C06BT024:C06BT025":["Court Promise Broken,Unlicensed Business Operations,Court Executor,Administrative Punishment",
											"法院失信,无照经营,法院执行人,行政处罚"]},
	
	{"C06BT021:C06BT022:C06BT023:C06BT024":["Business Tax Evasion,Share Blocking,Unlicensed Business Operations,Court Executor",
											"工商偷税漏税,股权冻结,无照经营,法院执行人"]},
	{"C06BT021:C06BT022:C06BT023:C06BT025":["Business Tax Evasion,Share Blocking,Unlicensed Business Operations,Administrative Punishment",
											"工商偷税漏税,股权冻结,行政处罚"]},
	{"C06BT021:C06BT022:C06BT024:C06BT025":["Business Tax Evasion,Share Blocking,Court Executor,Administrative Punishment",
											"工商偷税漏税,股权冻结,法院执行人,行政处罚"]},
	{"C06BT021:C06BT023:C06BT024:C06BT025":["Business Tax Evasion,Unlicensed Business Operations,Court Executor,Administrative Punishment",
											"工商偷税漏税,无照经营,法院执行人,行政处罚"]},
	
	{"C06BT022:C06BT023:C06BT024:C06BT025":["Share Blocking,Unlicensed Business Operations,Court Executor,Administrative Punishment",
											"股权冻结,无照经营,法院执行人,行政处罚"]},
	
	
	{"C06BT020:C06BT021:C06BT022:C06BT023:C06BT024":["Court Promise Broken,Business Tax Evasion,Share Blocking,Unlicensed Business Operations,Court Executor",
											"法院失信,工商偷税漏税,股权冻结,无照经营,法院执行人"]},
	{"C06BT020:C06BT021:C06BT022:C06BT023:C06BT025":["Court Promise Broken,Business Tax Evasion,Share Blocking,Unlicensed Business Operations,Administrative Punishment",
											"法院失信,工商偷税漏税,股权冻结,无照经营,行政处罚"]},
	{"C06BT020:C06BT021:C06BT022:C06BT024:C06BT025":["Court Promise Broken,Business Tax Evasion,Share Blocking,Court Executor,Administrative Punishment",
											"法院失信,工商偷税漏税,股权冻结,法院执行人,行政处罚"]},
	{"C06BT020:C06BT021:C06BT023:C06BT024:C06BT025":["Court Promise Broken,Business Tax Evasion,Unlicensed Business Operations,Court Executor,Administrative Punishment",
											"法院失信,工商偷税漏税,无照经营,法院执行人,行政处罚"]},
	{"C06BT020:C06BT022:C06BT023:C06BT024:C06BT025":["Court Promise Broken,Share Blocking,Unlicensed Business Operations,Court Executor,Administrative Punishment",
											"法院失信,股权冻结,无照经营,法院执行人,行政处罚"]},
	{"C06BT021:C06BT022:C06BT023:C06BT024:C06BT025":["Business Tax Evasion,Share Blocking,Unlicensed Business Operations,Court Executor,Administrative Punishment",
											"工商偷税漏税,股权冻结,无照经营,法院执行人,行政处罚"]},
	{"C06BT020:C06BT021:C06BT022:C06BT023:C06BT024:C06BT025":["Court Promise Broken,Business Tax Evasion,Share Blocking,Unlicensed Business Operations,Court Executor,Administrative Punishment",
											"法院失信,工商偷税漏税,股权冻结,无照经营,法院执行人,行政处罚"]}									
]
}